use Database_Project;


insert into account (account_number, phone_number, account_password, account_username, citizen_id, gender, join_date, date_of_birth, home_address, email) values
('ACC001', '0812345678', 'pass01', 'user01', '1234567890123', 'M', '2023-01-01', '1990-01-01', '123 Main St, Bangkok', 'user01@example.com'),
('ACC002', '0897654321', 'pass02', 'user02', '2345678901234', 'F', '2023-02-01', '1985-02-02', '456 Sukhumvit Rd, Bangkok', 'user02@example.com'),
('ACC003', '0876543210', 'pass03', 'user03', '3456789012345', 'M', '2023-03-01', '1992-03-03', '789 Charoenkrung Rd, Bangkok', 'user03@example.com'),
('ACC004', '0865432109', 'pass04', 'user04', '4567890123456', 'F', '2023-04-01', '1988-04-04', '101 Rama IX Rd, Bangkok', 'user04@example.com'),
('ACC005', '0854321098', 'pass05', 'user05', '5678901234567', 'M', '2023-05-01', '1987-05-05', '151 Phaholyothin Rd, Bangkok', 'user05@example.com'),
('ACC006', '0843210987', 'pass06', 'user06', '6789012345678', 'F', '2023-06-01', '1990-06-06', '181 Silom Rd, Bangkok', 'user06@example.com'),
('ACC007', '0832109876', 'pass07', 'user07', '7890123456789', 'M', '2023-07-01', '1986-07-07', '131 Ramkhamhaeng Rd, Bangkok', 'user07@example.com'),
('ACC008', '0821098765', 'pass08', 'user08', '8901234567890', 'F', '2023-08-01', '1990-08-08', '161 Sathorn Rd, Bangkok', 'user08@example.com'),
('ACC009', '0810987654', 'pass09', 'user09', '9012345678901', 'M', '2023-09-01', '1981-09-09', '191 Asoke Rd, Bangkok', 'user09@example.com'),
('ACC010', '0809876543', 'pass10', 'user10', '0123456789012', 'F', '2023-10-01', '1989-10-10', '201 Ratchadaphisek Rd, Bangkok', 'user10@example.com'),
('ACC011', '0891234561', 'pass11', 'user11', '4567890123412', 'M', '2023-11-01', '1980-11-01', '11111 Sukhumvit Rd, Bangkok', 'user11@example.com'),
('ACC012', '0823456782', 'pass12', 'user12', '2345678901234', 'F', '2023-12-01', '1985-12-01', '22222 Rama IX Rd, Bangkok', 'user12@example.com'),
('ACC013', '0897654321', 'pass13', 'user13', '7890123456789', 'M', '2023-10-01', '1992-10-01', '33333 Ratchada Rd, Bangkok', 'user13@example.com'),
('ACC014', '0876543212', 'pass14', 'user14', '8901234567890', 'F', '2023-09-01', '1988-09-01', '44444 Charoenkrung Rd, Bangkok', 'user14@example.com'),
('ACC015', '0812345670', 'pass15', 'user15', '9012345678901', 'M', '2023-08-01', '1987-08-01', '55555 Phaholyothin Rd, Bangkok', 'user15@example.com'),
('ACC016', '0865432109', 'pass16', 'user16', '7890123456781', 'F', '2023-07-01', '1990-07-01', '66666 Asoke Rd, Bangkok', 'user16@example.com'),
('ACC017', '0823456789', 'pass17', 'user17', '3456789012345', 'M', '2023-06-01', '1986-06-01', '77777 Ladprao Rd, Bangkok', 'user17@example.com'),
('ACC018', '0891234562', 'pass18', 'user18', '2345678901234', 'F', '2023-05-01', '1984-05-01', '88888 Silom Rd, Bangkok', 'user18@example.com'),
('ACC019', '0812345673', 'pass19', 'user19', '1234567890123', 'M', '2023-04-01', '1981-04-01', '99999 Phra Khanong Rd, Bangkok', 'user19@example.com'),
('ACC020', '0876543213', 'pass20', 'user20', '8901234567890', 'F', '2023-03-01', '1989-03-01', '111111 Rama IV Rd, Bangkok', 'user20@example.com'),
('ACC021', '0891234564', 'pass21', 'user21', '9012345678901', 'M', '2023-02-01', '1991-02-01', '222222 Sukhumvit Rd, Bangkok', 'user21@example.com'),
('ACC022', '0823456785', 'pass22', 'user22', '2345678901234', 'F', '2023-01-01', '1983-01-01', '333333 Rama IX Rd, Bangkok', 'user22@example.com'),
('ACC023', '0812345676', 'pass23', 'user23', '3456789012345', 'M', '2022-12-01', '1980-12-01', '444444 Asoke Rd, Bangkok', 'user23@example.com'),
('ACC024', '0876543217', 'pass24', 'user24', '4567890123456', 'F', '2022-11-01', '1988-11-01', '555555 Ratchada Rd, Bangkok', 'user24@example.com'),
('ACC025', '0891234568', 'pass25', 'user25', '5678901234567', 'M', '2022-10-01', '1987-10-01', '666666 Silom Rd, Bangkok', 'user25@example.com'),
('ACC026', '0812345679', 'pass26', 'user26', '6789012345678', 'F', '2022-09-01', '1982-09-01', '777777 Charoenkrung Rd, Bangkok', 'user26@example.com'),
('ACC027', '0865432100', 'pass27', 'user27', '7890123456789', 'M', '2022-08-01', '1981-08-01', '888888 Ladprao Rd, Bangkok', 'user27@example.com'),
('ACC028', '0834567891', 'pass28', 'user28', '8901234567890', 'F', '2022-07-01', '1990-07-01', '999999 Phra Khanong Rd, Bangkok', 'user28@example.com'),
('ACC029', '0845678902', 'pass29', 'user29', '9012345678901', 'M', '2022-06-01', '1989-06-01', '10101010 Phaholyothin Rd, Bangkok', 'user29@example.com'),
('ACC030', '0856789013', 'pass30', 'user30', '2345678901234', 'F', '2022-05-01', '1985-05-01', '11111111 Sathorn Rd, Bangkok', 'user30@example.com');

INSERT INTO address (account_number, address) VALUES
('ACC001', '123 Main St, Bangkok'),
('ACC002', '456 Sukhumvit Rd, Bangkok'),
('ACC003', '789 Charoenkrung Rd, Bangkok'),
('ACC004', '101 Rama IX Rd, Bangkok'),
('ACC005', '151 Phaholyothin Rd, Bangkok'),
('ACC006', '181 Silom Rd, Bangkok'),
('ACC007', '131 Ramkhamhaeng Rd, Bangkok'),
('ACC008', '161 Sathorn Rd, Bangkok'),
('ACC009', '191 Asoke Rd, Bangkok'),
('ACC010', '201 Ratchadaphisek Rd, Bangkok'),
('ACC011', '11111 Sukhumvit Rd, Bangkok'),
('ACC012', '22222 Rama IX Rd, Bangkok'),
('ACC013', '33333 Ratchada Rd, Bangkok'),
('ACC014', '44444 Charoenkrung Rd, Bangkok'),
('ACC015', '55555 Phaholyothin Rd, Bangkok'),
('ACC016', '66666 Asoke Rd, Bangkok'),
('ACC017', '77777 Ladprao Rd, Bangkok'),
('ACC018', '88888 Silom Rd, Bangkok'),
('ACC019', '99999 Phra Khanong Rd, Bangkok'),
('ACC020', '101010 Phaholyothin Rd, Bangkok'),
('ACC021', '121212 Sukhumvit Rd, Bangkok'),
('ACC022', '131313 Rama IX Rd, Bangkok'),
('ACC023', '141414 Ratchada Rd, Bangkok'),
('ACC024', '151515 Charoenkrung Rd, Bangkok'),
('ACC025', '161616 Phaholyothin Rd, Bangkok'),
('ACC026', '171717 Silom Rd, Bangkok'),
('ACC027', '181818 Ladprao Rd, Bangkok'),
('ACC028', '191919 Phra Khanong Rd, Bangkok'),
('ACC029', '202020 Sathorn Rd, Bangkok'),
('ACC030', '212121 Ratchadaphisek Rd, Bangkok');


INSERT INTO Employee_account (Employee_ID, Account_Number, Position, Department) VALUES
(1, 'ACC016', 'Sales Associate', 'Sales'),
(2, 'ACC017', 'Technical Support', 'Support'),
(3, 'ACC018', 'Accountant', 'Finance'),
(4, 'ACC019', 'Developer', 'IT'),
(5, 'ACC020', 'HR Specialist', 'Human Resources'),
(6, 'ACC021', 'Sales Manager', 'Sales'),
(7, 'ACC022', 'Support Lead', 'Support'),
(8, 'ACC023', 'Senior Accountant', 'Finance'),
(9, 'ACC024', 'Lead Developer', 'IT'),
(10, 'ACC025', 'HR Manager', 'Human Resources'),
(11, 'ACC026', 'Sales Representative', 'Sales'),
(12, 'ACC027', 'Technical Lead', 'Support'),
(13, 'ACC028', 'Finance Manager', 'Finance'),
(14, 'ACC029', 'Senior Developer', 'IT'),
(15, 'ACC030', 'HR Coordinator', 'Human Resources');


INSERT INTO User_account (User_ID, Account_Number, MembershipStatus) VALUES
(1, 'ACC001', 'Gold'),
(2, 'ACC002', 'Silver'),
(3, 'ACC003', 'Platinum'),
(4, 'ACC004', 'Bronze'),
(5, 'ACC005', 'Gold'),
(6, 'ACC006', 'Silver'),
(7, 'ACC007', 'Bronze'),
(8, 'ACC008', 'Gold'),
(9, 'ACC009', 'Platinum'),
(10, 'ACC010', 'Silver'),
(11, 'ACC011', 'Gold'),
(12, 'ACC012', 'Silver'),
(13, 'ACC013', 'Platinum'),
(14, 'ACC014', 'Bronze'),
(15, 'ACC015', 'Gold');


insert into tracking_service (tracking_id, order_id, user_id) values
(1, 1, 1), (2, 2, 2), (3, 3, 3), (4, 4, 4), (5, 5, 5),
(6, 6, 6), (7, 7, 7), (8, 8, 8), (9, 9, 9), (10, 10, 10),
(11, 11, 11), (12, 12, 12), (13, 13, 13), (14, 14, 14),
(15, 15, 15), (16, 16, 16), (17, 17, 17), (18, 18, 18),
(19, 19, 19), (20, 20, 20), (21, 21, 21), (22, 22, 22),
(23, 23, 23), (24, 24, 24), (25, 25, 25), (26, 26, 26),
(27, 27, 27), (28, 28, 28), (29, 29, 29), (30, 30, 30);


insert into ordering (order_id, purchase_date, user_id, tracking_id) values
(1, '2024-01-01', 1, 1), (2, '2024-01-02', 2, 2), (3, '2024-01-03', 3, 3),
(4, '2024-01-04', 4, 4), (5, '2024-01-05', 5, 5), (6, '2024-01-06', 6, 6),
(7, '2024-01-07', 7, 7), (8, '2024-01-08', 8, 8), (9, '2024-01-09', 9, 9),
(10, '2024-01-10', 10, 10), (11, '2024-01-11', 11, 11), (12, '2024-01-12', 12, 12),
(13, '2024-01-13', 13, 13), (14, '2024-01-14', 14, 14), (15, '2024-01-15', 15, 15),
(16, '2024-01-16', 16, 16), (17, '2024-01-17', 17, 17), (18, '2024-01-18', 18, 18),
(19, '2024-01-19', 19, 19), (20, '2024-01-20', 20, 20), (21, '2024-01-21', 21, 21),
(22, '2024-01-22', 22, 22), (23, '2024-01-23', 23, 23), (24, '2024-01-24', 24, 24),
(25, '2024-01-25', 25, 25), (26, '2024-01-26', 26, 26), (27, '2024-01-27', 27, 27),
(28, '2024-01-28', 28, 28), (29, '2024-01-29', 29, 29), (30, '2024-01-30', 30, 30);


-- update tracking_service SET 

insert into delivery (delivery_id, order_id, name) values
(1, 1, 'Express Delivery'), (2, 2, 'Standard Delivery'), (3, 3, 'Same-Day Delivery'),
(4, 4, 'Next-Day Delivery'), (5, 5, 'Express Delivery'), (6, 6, 'Standard Delivery'),
(7, 7, 'Scheduled Delivery'), (8, 8, 'Express Delivery'), (9, 9, 'Overnight Delivery'),
(10, 10, 'Standard Delivery'), (11, 11, 'Express Delivery'), (12, 12, 'Same-Day Delivery'),
(13, 13, 'Standard Delivery'), (14, 14, 'Overnight Delivery'), (15, 15, 'Express Delivery'),
(16, 16, 'Next-Day Delivery'), (17, 17, 'Standard Delivery'), (18, 18, 'Scheduled Delivery'),
(19, 19, 'Same-Day Delivery'), (20, 20, 'Express Delivery'), (21, 21, 'Standard Delivery'),
(22, 22, 'Scheduled Delivery'), (23, 23, 'Express Delivery'), (24, 24, 'Overnight Delivery'),
(25, 25, 'Next-Day Delivery'), (26, 26, 'Express Delivery'), (27, 27, 'Standard Delivery'),
(28, 28, 'Same-Day Delivery'), (29, 29, 'Express Delivery'), (30, 30, 'Overnight Delivery');


insert into service_type (delivery_id, user_id, service_name) values
(1, 1, 'Express'), (2, 2, 'Standard'), (3, 3, 'Same-Day'),
(4, 4, 'Next-Day'), (5, 5, 'Express'), (6, 6, 'Standard'),
(7, 7, 'Scheduled'), (8, 8, 'Express'), (9, 9, 'Overnight'),
(10, 10, 'Standard'), (11, 11, 'Express'), (12, 12, 'Same-Day'),
(13, 13, 'Standard'), (14, 14, 'Overnight'), (15, 15, 'Express'),
(16, 16, 'Next-Day'), (17, 17, 'Standard'), (18, 18, 'Scheduled'),
(19, 19, 'Same-Day'), (20, 20, 'Express'), (21, 21, 'Standard'),
(22, 22, 'Scheduled'), (23, 23, 'Express'), (24, 24, 'Overnight'),
(25, 25, 'Next-Day'), (26, 26, 'Express'), (27, 27, 'Standard'),
(28, 28, 'Same-Day'), (29, 29, 'Express'), (30, 30, 'Overnight');

INSERT INTO Product (
    Product_ID, Warranty_Type, Product_Category, Description, Stock_Quantity,
    Product_Name, Price, Rating, Date_Added, Refund_ID, Warranty_ID, Order_ID
) VALUES
(1, 'Standard', 'Electronics', 'Smart LED TV with 4K resolution.', 50, 'Samsung 55" LED TV', 49999.99, 4.5, '2024-01-10', 1, 1, 1),
(2, 'Extended', 'Computers', 'High-performance gaming laptop.', 30, 'Dell Alienware M15', 159999.99, 4.8, '2024-01-12', 2, 2, 2),
(3, 'Premium', 'Home Appliances', 'Energy-efficient washing machine.', 20, 'LG Front Load Washer', 34999.50, 4.2, '2024-01-15', 3, 3, 3),
(4, 'Standard', 'Smart Devices', 'Smartwatch with health tracking features.', 100, 'Apple Watch Series 8', 29999.00, 4.7, '2024-01-18', 4, 4, 4),
(5, 'Extended', 'Electronics', 'Noise-cancelling over-ear headphones.', 80, 'Sony WH-1000XM4', 19999.99, 4.6, '2024-01-20', 5, 5, 5),
(6, 'Standard', 'Furniture', 'Ergonomic office chair with lumbar support.', 40, 'Ergohuman Chair', 18999.99, 4.3, '2024-01-22', 6, 6, 6),
(7, 'Premium', 'Home Appliances', 'Smart refrigerator with touchscreen.', 15, 'Samsung Smart Fridge', 59999.99, 4.9, '2024-01-25', 7, 7, 7),
(8, 'Extended', 'Computers', 'All-in-one desktop computer.', 25, 'HP Envy Desktop', 89999.99, 4.4, '2024-01-28', 8, 8, 8),
(9, 'Standard', 'Electronics', '4K Ultra HD Blu-ray player.', 60, 'Panasonic 4K Blu-ray Player', 9999.99, 4.1, '2024-01-30', 9, 9, 9),
(10, 'Premium', 'Smart Devices', 'Smart home hub with voice control.', 90, 'Google Nest Hub', 5999.99, 4.5, '2024-02-02', 10, 10, 10),
(11, 'Extended', 'Furniture', 'Adjustable standing desk.', 35, 'Autonomous SmartDesk', 24999.99, 4.6, '2024-02-05', 11, 11, 11),
(12, 'Standard', 'Home Appliances', 'Compact dishwasher for small kitchens.', 45, 'Bosch Compact Dishwasher', 15999.99, 4.2, '2024-02-08', 12, 12, 12),
(13, 'Premium', 'Electronics', 'High-definition action camera.', 70, 'GoPro HERO11', 29999.99, 4.7, '2024-02-10', 13, 13, 13),
(14, 'Extended', 'Computers', 'Wireless mechanical gaming keyboard.', 55, 'Corsair K95 RGB', 12999.99, 4.8, '2024-02-12', 14, 14, 14),
(15, 'Standard', 'Smart Devices', 'Smart thermostat for home automation.', 85, 'Ecobee SmartThermostat', 8999.99, 4.3, '2024-02-15', 15, 15, 15),
(16, 'Premium', 'Furniture', 'Luxury leather sofa set.', 10, 'Ikea Ektorp Sofa', 39999.99, 4.9, '2024-02-18', 16, 16, 16),
(17, 'Extended', 'Home Appliances', 'Robotic vacuum cleaner with mapping.', 65, 'iRobot Roomba i7+', 19999.99, 4.5, '2024-02-20', 17, 17, 17),
(18, 'Standard', 'Electronics', 'Portable Bluetooth speaker.', 120, 'JBL Charge 5', 4999.99, 4.4, '2024-02-22', 18, 18, 18),
(19, 'Premium', 'Computers', 'Ultra-thin laptop with OLED display.', 22, 'HP Spectre x360', 139999.99, 4.7, '2024-02-25', 19, 19, 19),
(20, 'Extended', 'Smart Devices', 'Smart security camera with night vision.', 95, 'Arlo Pro 4', 7999.99, 4.6, '2024-02-28', 20, 20, 20),
(21, 'Standard', 'Furniture', 'Modern dining table set.', 18, 'Ikea Norden Table', 25999.99, 4.2, '2024-03-02', 21, 21, 21),
(22, 'Premium', 'Home Appliances', 'High-efficiency dryer.', 28, 'Whirlpool High-Efficiency Dryer', 27999.99, 4.5, '2024-03-05', 22, 22, 22),
(23, 'Extended', 'Electronics', 'Smartphone with triple camera system.', 75, 'Samsung Galaxy S23', 59999.99, 4.8, '2024-03-08', 23, 23, 23),
(24, 'Standard', 'Computers', 'All-in-one gaming PC.', 33, 'CyberPowerPC Gamer Xtreme', 119999.99, 4.4, '2024-03-10', 24, 24, 24),
(25, 'Premium', 'Smart Devices', 'Smart light bulb with color control.', 140, 'Philips Hue White and Color', 2999.99, 4.3, '2024-03-12', 25, 25, 25),
(26, 'Extended', 'Furniture', 'Ergonomic office desk.', 40, 'Flexispot Standing Desk', 18999.99, 4.6, '2024-03-15', 26, 26, 26),
(27, 'Standard', 'Home Appliances', 'Air purifier with HEPA filter.', 55, 'Dyson Pure Cool', 15999.99, 4.5, '2024-03-18', 27, 27, 27),
(28, 'Premium', 'Electronics', '4K streaming media player.', 85, 'NVIDIA Shield TV Pro', 8999.99, 4.7, '2024-03-20', 28, 28, 28),
(29, 'Extended', 'Computers', 'Wireless gaming headset.', 60, 'SteelSeries Arctis Pro', 9999.99, 4.6, '2024-03-22', 29, 29, 29),
(30, 'Standard', 'Smart Devices', 'Smart door lock with keypad.', 90, 'August Smart Lock Pro', 7499.99, 4.4, '2024-03-25', 30, 30, 30);


INSERT INTO Warranty (Warranty_ID, Product_ID, Warranty_Type, Duration) VALUES
(1, 1, 'Standard', 12),
(2, 2, 'Extended', 24),
(3, 3, 'Standard', 12),
(4, 4, 'Premium', 36),
(5, 5, 'Standard', 12),
(6, 6, 'Standard', 24),
(7, 7, 'Extended', 24),
(8, 8, 'Standard', 36),
(9, 9, 'Premium', 48),
(10, 10, 'Standard', 12),
(11, 11, 'Extended', 24),
(12, 12, 'Premium', 36),
(13, 13, 'Standard', 12),
(14, 14, 'Extended', 24),
(15, 15, 'Premium', 36),
(16, 16, 'Standard', 12),
(17, 17, 'Extended', 24),
(18, 18, 'Premium', 36),
(19, 19, 'Standard', 12),
(20, 20, 'Extended', 24),
(21, 21, 'Premium', 36),
(22, 22, 'Standard', 12),
(23, 23, 'Extended', 24),
(24, 24, 'Premium', 36),
(25, 25, 'Standard', 12),
(26, 26, 'Extended', 24),
(27, 27, 'Premium', 36),
(28, 28, 'Standard', 12),
(29, 29, 'Extended', 24),
(30, 30, 'Premium', 36);


insert into refund_request (refund_id, employee_id, product_id, name, user_id) values
(1, 1, 1, 'Return - Samsung Galaxy S22', 1), (2, 2, 2, 'Return - Acer Aspire 7', 2),
(3, 3, 3, 'Return - Daikin Inverter AC', 3), (4, 4, 4, 'Return - Ergohuman Chair', 4),
(5, 5, 5, 'Return - Samsung EcoBubble', 5), (6, 6, 6, 'Return - Apple Watch Series 7', 6),
(7, 7, 7, 'Return - Xiaomi 70mai Pro', 7), (8, 8, 8, 'Return - FitPro Treadmill', 8),
(9, 9, 9, 'Return - Honda Miimo', 9), (10, 10, 10, 'Return - Nespresso Vertuo', 10),
(11, 11, 1, 'Return - Sony Camera', 11), (12, 12, 2, 'Return - HP Printer', 12),
(13, 13, 3, 'Return - JBL Speaker', 13), (14, 14, 4, 'Return - Philips Iron', 14),
(15, 15, 5, 'Return - iRobot Vacuum', 15), (16, 16, 6, 'Return - Canon Printer', 16),
(17, 17, 7, 'Return - Bose Headphones', 17), (18, 18, 8, 'Return - Logitech Mouse', 18),
(19, 19, 9, 'Return - Dell Monitor', 19), (20, 20, 10, 'Return - Samsung Fridge', 20),
(21, 21, 1, 'Return - Lenovo Laptop', 21), (22, 22, 2, 'Return - Dyson Fan', 22),
(23, 23, 3, 'Return - Sharp Microwave', 23), (24, 24, 4, 'Return - iPad Air', 24),
(25, 25, 5, 'Return - Kindle Paperwhite', 25), (26, 26, 6, 'Return - MacBook Pro', 26),
(27, 27, 7, 'Return - Fitbit Watch', 27), (28, 28, 8, 'Return - Garmin Tracker', 28),
(29, 29, 9, 'Return - Acer Monitor', 29), (30, 30, 10, 'Return - Google Home', 30);


insert into referral_code (refund_id, order_id, user_id) values
(1, 1, 1), (2, 2, 2), (3, 3, 3), (4, 4, 4), (5, 5, 5),
(6, 6, 6), (7, 7, 7), (8, 8, 8), (9, 9, 9), (10, 10, 10),
(11, 11, 11), (12, 12, 12), (13, 13, 13), (14, 14, 14),
(15, 15, 15), (16, 16, 16), (17, 17, 17), (18, 18, 18),
(19, 19, 19), (20, 20, 20), (21, 21, 21), (22, 22, 22),
(23, 23, 23), (24, 24, 24), (25, 25, 25), (26, 26, 26),
(27, 27, 27), (28, 28, 28), (29, 29, 29), (30, 30, 30);


insert into Application (discount_code_id, order_id) values
('DISCOUNT10', 1), ('NEWUSER20', 2), ('WELCOME15', 3),
('HOLIDAY5', 4), ('DISCOUNT25', 5), ('SUMMER30', 6),
('SAVE40', 7), ('DEAL50', 8), ('PROMO60', 9),
('LASTCHANCE10', 10), ('SPRING15', 11), ('SUMMER20', 12),
('WELCOME30', 13), ('BIRTHDAY10', 14), ('FALL5', 15),
('WINTER25', 16), ('HOLIDAY30', 17), ('YEAR2024', 18),
('GIFT40', 19), ('OFFER50', 20), ('CODE10', 21), ('SALE15', 22),
('DEAL20', 23), ('COUPON25', 24), ('PROMO30', 25), ('LIMIT40', 26),
('BONUS50', 27), ('WELCOME5', 28), ('MEMBER10', 29), ('LOYALTY20', 30);


insert into receipt (invoice, payment_id, user_id, discount_customer_type, shipping_price, tax_amount, date_and_time, name, quantity, priceperunit, total_price) values
(1001, 1, 1, 'Gold', 50.00, 100.00, '2024-01-01 10:00:00', 'Samsung Galaxy S22', 1, 29900.00, 30050.00),
(1002, 2, 2, 'Silver', 50.00, 100.00, '2024-01-02 12:00:00', 'Acer Aspire 7', 1, 45000.00, 45150.00),
(1003, 3, 3, 'Gold', 100.00, 150.00, '2024-01-03 15:00:00', 'Daikin Inverter AC', 1, 22900.00, 23150.00),
(1004, 4, 4, 'Platinum', 50.00, 100.00, '2024-01-04 18:00:00', 'Ergohuman Chair', 1, 18900.00, 19050.00),
(1005, 5, 5, 'Gold', 50.00, 100.00, '2024-01-05 10:30:00', 'Samsung EcoBubble', 1, 15900.00, 16050.00),
(1006, 6, 6, 'Silver', 30.00, 70.00, '2024-01-06 14:00:00', 'Apple Watch Series 7', 1, 13500.00, 13580.00),
(1007, 7, 7, 'Bronze', 20.00, 50.00, '2024-01-07 09:00:00', 'Xiaomi 70mai Pro', 1, 7900.00, 7970.00),
(1008, 8, 8, 'Gold', 70.00, 130.00, '2024-01-08 16:30:00', 'FitPro Treadmill', 1, 39900.00, 40100.00),
(1009, 9, 9, 'Platinum', 100.00, 200.00, '2024-01-09 11:00:00', 'Honda Miimo', 1, 79000.00, 79300.00),
(1010, 10, 10, 'Silver', 50.00, 120.00, '2024-01-10 13:00:00', 'Nespresso Vertuo', 1, 15900.00, 16070.00),
(1011, 11, 11, 'Silver', 50.00, 90.00, '2024-01-11 10:10:00', 'Sony Camera', 1, 5000.00, 5140.00),
(1012, 12, 12, 'Bronze', 60.00, 80.00, '2024-01-12 11:20:00', 'HP Printer', 1, 3000.00, 3140.00),
(1013, 13, 13, 'Gold', 55.00, 95.00, '2024-01-13 12:30:00', 'JBL Speaker', 2, 1500.00, 3100.00),
(1014, 14, 14, 'Silver', 70.00, 100.00, '2024-01-14 13:40:00', 'Philips Iron', 1, 2500.00, 2670.00),
(1015, 15, 15, 'Gold', 65.00, 110.00, '2024-01-15 14:50:00', 'iRobot Vacuum', 1, 12000.00, 12175.00),
(1016, 16, 16, 'Platinum', 60.00, 105.00, '2024-01-16 15:00:00', 'Canon Printer', 1, 3500.00, 3665.00),
(1017, 17, 17, 'Bronze', 45.00, 75.00, '2024-01-17 16:10:00', 'Bose Headphones', 1, 4500.00, 4620.00),
(1018, 18, 18, 'Silver', 80.00, 120.00, '2024-01-18 17:20:00', 'Logitech Mouse', 3, 1000.00, 3240.00),
(1019, 19, 19, 'Gold', 70.00, 125.00, '2024-01-19 18:30:00', 'Dell Monitor', 1, 7000.00, 7195.00),
(1020, 20, 20, 'Silver', 50.00, 90.00, '2024-01-20 19:40:00', 'Samsung Fridge', 1, 28000.00, 28140.00),
(1021, 21, 21, 'Gold', 60.00, 100.00, '2024-01-21 20:00:00', 'Lenovo Laptop', 1, 42000.00, 42160.00),
(1022, 22, 22, 'Bronze', 55.00, 110.00, '2024-01-22 08:00:00', 'Dyson Fan', 1, 18000.00, 18165.00),
(1023, 23, 23, 'Silver', 65.00, 115.00, '2024-01-23 09:00:00', 'Sharp Microwave', 1, 5500.00, 5680.00),
(1024, 24, 24, 'Platinum', 75.00, 120.00, '2024-01-24 10:00:00', 'iPad Air', 1, 22000.00, 22195.00),
(1025, 25, 25, 'Gold', 60.00, 105.00, '2024-01-25 11:00:00', 'Kindle Paperwhite', 2, 3000.00, 6250.00),
(1026, 26, 26, 'Silver', 40.00, 80.00, '2024-01-26 12:00:00', 'MacBook Pro', 1, 55000.00, 55120.00),
(1027, 27, 27, 'Gold', 55.00, 85.00, '2024-01-27 13:00:00', 'Fitbit Watch', 1, 8000.00, 8140.00),
(1028, 28, 28, 'Platinum', 70.00, 125.00, '2024-01-28 14:00:00', 'Garmin Tracker', 1, 12000.00, 12195.00),
(1029, 29, 29, 'Bronze', 65.00, 115.00, '2024-01-29 15:00:00', 'Acer Monitor', 1, 9000.00, 9180.00),
(1030, 30, 30, 'Silver', 50.00, 105.00, '2024-01-30 16:00:00', 'Google Home', 1, 4000.00, 4155.00);




insert into payment (payment_id, card_id, user_id) values
(1, 1001, 1), (2, 1002, 2), (3, 1003, 3), (4, 1004, 4), (5, 1005, 5),
(6, 1006, 6), (7, 1007, 7), (8, 1008, 8), (9, 1009, 9), (10, 1010, 10),
(11, 1011, 11), (12, 1012, 12), (13, 1013, 13), (14, 1014, 14),
(15, 1015, 15), (16, 1016, 16), (17, 1017, 17), (18, 1018, 18),
(19, 1019, 19), (20, 1020, 20), (21, 1021, 21), (22, 1022, 22),
(23, 1023, 23), (24, 1024, 24), (25, 1025, 25), (26, 1026, 26),
(27, 1027, 27), (28, 1028, 28), (29, 1029, 29), (30, 1030, 30);


insert into payment_info (card_id, cvc, exp_date, user_id) values
(1001, 123, '2025-01-01', 1), (1002, 456, '2025-06-01', 2), (1003, 789, '2026-02-01', 3),
(1004, 234, '2025-07-01', 4), (1005, 567, '2026-03-01', 5), (1006, 890, '2026-04-01', 6),
(1007, 321, '2025-05-01', 7), (1008, 654, '2026-06-01', 8), (1009, 987, '2026-07-01', 9),
(1010, 432, '2026-08-01', 10), (1011, 987, '2025-09-01', 11), (1012, 678, '2026-10-01', 12),
(1013, 456, '2027-01-01', 13), (1014, 234, '2026-02-01', 14), (1015, 543, '2025-03-01', 15),
(1016, 678, '2026-04-01', 16), (1017, 543, '2025-05-01', 17), (1018, 234, '2026-06-01', 18),
(1019, 123, '2025-07-01', 19), (1020, 567, '2026-08-01', 20), (1021, 890, '2025-09-01', 21),
(1022, 321, '2026-10-01', 22), (1023, 432, '2027-11-01', 23), (1024, 987, '2026-12-01', 24),
(1025, 654, '2025-01-01', 25), (1026, 567, '2026-02-01', 26), (1027, 890, '2025-03-01', 27),
(1028, 321, '2026-04-01', 28), (1029, 432, '2025-05-01', 29), (1030, 123, '2026-06-01', 30);


insert into installment (card_id, interest_rate) values
(1001, 1.5), (1002, 2.0), (1003, 1.8), (1004, 1.6), (1005, 2.2),
(1006, 1.9), (1007, 2.1), (1008, 1.7), (1009, 2.3), (1010, 1.5),
(1011, 2.0), (1012, 1.8), (1013, 1.6), (1014, 2.2), (1015, 1.9),
(1016, 2.1), (1017, 1.7), (1018, 2.3), (1019, 1.5), (1020, 2.0),
(1021, 1.8), (1022, 1.6), (1023, 2.2), (1024, 1.9), (1025, 2.1),
(1026, 1.7), (1027, 2.3), (1028, 1.5), (1029, 2.0), (1030, 1.8);


insert into transfer (card_id, transfer_no) values
(1001, 50001), (1002, 50002), (1003, 50003), (1004, 50004), (1005, 50005),
(1006, 50006), (1007, 50007), (1008, 50008), (1009, 50009), (1010, 50010),
(1011, 50011), (1012, 50012), (1013, 50013), (1014, 50014), (1015, 50015),
(1016, 50016), (1017, 50017), (1018, 50018), (1019, 50019), (1020, 50020),
(1021, 50021), (1022, 50022), (1023, 50023), (1024, 50024), (1025, 50025),
(1026, 50026), (1027, 50027), (1028, 50028), (1029, 50029), (1030, 50030);

insert into discount (discount_code_id, order_id, user_id, discount_percentage, expiry_date, usage_limit, discount_code, description, minimum_purchase_amount, discount_amount) values
('DISCOUNT10', 1, 1, 10.00, '2024-12-31', 100, 'CODE10', 'Holiday discount', 500.00, 50.00),
('NEWUSER20', 2, 2, 20.00, '2024-11-30', 50, 'CODE20', 'New user offer', 1000.00, 100.00),
('WELCOME15', 3, 3, 15.00, '2025-01-01', 70, 'CODE15', 'Welcome offer', 750.00, 75.00),
('HOLIDAY5', 4, 4, 5.00, '2024-12-25', 200, 'CODE5', 'Holiday sale', 200.00, 10.00),
('DISCOUNT25', 5, 5, 25.00, '2024-10-31', 80, 'CODE25', 'Flash sale', 1500.00, 150.00),
('SUMMER30', 6, 6, 30.00, '2024-08-31', 100, 'CODE30', 'Summer sale', 1200.00, 200.00),
('SAVE40', 7, 7, 40.00, '2024-06-30', 70, 'CODE40', 'Special savings', 2500.00, 250.00),
('DEAL50', 8, 8, 50.00, '2024-05-31', 150, 'CODE50', 'Half off deal', 3000.00, 300.00),
('PROMO60', 9, 9, 60.00, '2024-03-31', 200, 'CODE60', 'Promo offer', 3500.00, 400.00),
('LASTCHANCE10', 10, 10, 10.00, '2024-04-30', 90, 'CODELAST', 'Last chance discount', 400.00, 40.00),
('SPRING15', 11, 11, 15.00, '2025-04-01', 120, 'CODESPRING', 'Spring discount', 600.00, 60.00),
('SUMMER20', 12, 12, 20.00, '2025-05-01', 110, 'CODESUMMER', 'Summer discount', 800.00, 80.00),
('WELCOME30', 13, 13, 30.00, '2025-06-01', 130, 'CODEWELCOME', 'Welcome back discount', 1500.00, 150.00),
('BIRTHDAY10', 14, 14, 10.00, '2025-07-01', 200, 'CODEBDAY', 'Birthday discount', 1000.00, 100.00),
('FALL5', 15, 15, 5.00, '2025-08-01', 50, 'CODEFALL', 'Fall special', 400.00, 20.00),
('WINTER25', 16, 16, 25.00, '2025-09-01', 140, 'CODEWINTER', 'Winter deal', 1200.00, 300.00),
('HOLIDAY30', 17, 17, 30.00, '2025-10-01', 150, 'CODEHOLIDAY', 'Holiday season', 2000.00, 250.00),
('YEAR2024', 18, 18, 24.00, '2025-11-01', 90, 'CODE2024', 'New year discount', 1000.00, 125.00),
('GIFT40', 19, 19, 40.00, '2025-12-01', 80, 'CODEGIFT', 'Gift season discount', 1500.00, 200.00),
('OFFER50', 20, 20, 50.00, '2025-12-31', 70, 'CODEOFFER', 'Special offer', 3000.00, 300.00),
('CODE10', 21, 21, 10.00, '2026-01-31', 60, 'DIS10', 'Monthly special', 500.00, 50.00),
('SALE15', 22, 22, 15.00, '2026-02-28', 50, 'DIS15', 'Sale discount', 800.00, 80.00),
('DEAL20', 23, 23, 20.00, '2026-03-31', 40, 'DIS20', 'Deal discount', 600.00, 60.00),
('COUPON25', 24, 24, 25.00, '2026-04-30', 100, 'DIS25', 'Coupon discount', 1500.00, 100.00),
('PROMO30', 25, 25, 30.00, '2026-05-31', 110, 'DIS30', 'Promo discount', 2000.00, 300.00),
('LIMIT40', 26, 26, 40.00, '2026-06-30', 120, 'DIS40', 'Limited time offer', 2500.00, 250.00),
('BONUS50', 27, 27, 50.00, '2026-07-31', 130, 'DIS50', 'Bonus discount', 3000.00, 400.00),
('WELCOME5', 28, 28, 5.00, '2026-08-31', 200, 'WELCOME', 'Welcome discount', 400.00, 30.00),
('MEMBER10', 29, 29, 10.00, '2026-09-30', 150, 'MEMBER', 'Member discount', 800.00, 75.00),
('LOYALTY20', 30, 30, 20.00, '2026-10-31', 100, 'LOYALTY', 'Loyalty reward', 1000.00, 125.00);










INSERT INTO Product_Software (
    Software_Category_ID, License_key, Product_ID
) VALUES
(1, 'SWKEY-001-A1B2', 1),
(2, 'SWKEY-002-C3D4', 2),
(3, 'SWKEY-003-E5F6', 3),
(4, 'SWKEY-004-G7H8', 4),
(5, 'SWKEY-005-I9J0', 5),
(6, 'SWKEY-006-K1L2', 6),
(7, 'SWKEY-007-M3N4', 7),
(8, 'SWKEY-008-O5P6', 8),
(9, 'SWKEY-009-Q7R8', 9),
(10, 'SWKEY-010-S9T0', 10),
(11, 'SWKEY-011-U1V2', 11),
(12, 'SWKEY-012-W3X4', 12),
(13, 'SWKEY-013-Y5Z6', 13),
(14, 'SWKEY-014-A7B8', 14),
(15, 'SWKEY-015-C9D0', 15),
(16, 'SWKEY-016-E1F2', 16),
(17, 'SWKEY-017-G3H4', 17),
(18, 'SWKEY-018-I5J6', 18),
(19, 'SWKEY-019-K7L8', 19),
(20, 'SWKEY-020-M9N0', 20),
(21, 'SWKEY-021-O1P2', 21),
(22, 'SWKEY-022-Q3R4', 22),
(23, 'SWKEY-023-S5T6', 23),
(24, 'SWKEY-024-U7V8', 24),
(25, 'SWKEY-025-W9X0', 25),
(26, 'SWKEY-026-Y1Z2', 26),
(27, 'SWKEY-027-A3B4', 27),
(28, 'SWKEY-028-C5D6', 28),
(29, 'SWKEY-029-E7F8', 29),
(30, 'SWKEY-030-G9H0', 30);


INSERT INTO Product_Hardware (
    Hardware_Type, Product_ID
) VALUES
('External Hard Drive', 1),
('Wireless Mouse', 2),
('Gaming Keyboard', 3),
('Webcam', 4),
('USB-C Hub', 5),
('Portable SSD', 6),
('Bluetooth Speaker', 7),
('Graphics Tablet', 8),
('VR Headset', 9),
('Smartphone Stand', 10),
('Laptop Cooling Pad', 11),
('Noise-Cancelling Headphones', 12),
('Ergonomic Monitor Stand', 13),
('Portable Charger', 14),
('Smartphone Gimbal', 15),
('Wireless Charger', 16),
('HDMI Cable', 17),
('Ethernet Adapter', 18),
('Laptop Sleeve', 19),
('Mechanical Keyboard', 20),
('Gaming Chair', 21),
('LED Desk Lamp', 22),
('Wireless Earbuds', 23),
('Smart Light Switch', 24),
('Bluetooth Tracker', 25),
('USB Flash Drive', 26),
('Portable Projector', 27),
('Smart Plug', 28),
('Action Camera Mount', 29),
('Wireless Presenter', 30);
